pdf_key;name;current_lat;current_lon;google_search_url;google_maps_url_or_coords;notes
PDF_001;Ancol Art Market;-6.126657;106.839134;https://www.google.com/maps/search/?api=1&query=Ancol%20Art%20Market%2C%20DKI%20Jakarta%2C%20Indonesia;;Paste link share Google Maps atau lat,lon setelah verifikasi
PDF_002;Allianz Ecopark & Faunaland;-6.125928;106.836324;https://www.google.com/maps/search/?api=1&query=Allianz%20Ecopark%20%26%20Faunaland%2C%20DKI%20Jakarta%2C%20Indonesia;;Paste link share Google Maps atau lat,lon setelah verifikasi
PDF_003;Dunia Fantasi;-6.123834;106.832393;https://www.google.com/maps/search/?api=1&query=Dunia%20Fantasi%2C%20DKI%20Jakarta%2C%20Indonesia;;Paste link share Google Maps atau lat,lon setelah verifikasi
PDF_004;Ancol Lagoon Beach;-6.127039;106.843987;https://www.google.com/maps/search/?api=1&query=Ancol%20Lagoon%20Beach%2C%20DKI%20Jakarta%2C%20Indonesia;;Paste link share Google Maps atau lat,lon setelah verifikasi
PDF_005;Ocean Dream Samudera;-6.124451;106.842725;https://www.google.com/maps/search/?api=1&query=Ocean%20Dream%20Samudera%2C%20DKI%20Jakarta%2C%20Indonesia;;Paste link share Google Maps atau lat,lon setelah verifikasi
PDF_006;Putri Duyung Resort;-6.121691;106.841407;https://www.google.com/maps/search/?api=1&query=Putri%20Duyung%20Resort%2C%20DKI%20Jakarta%2C%20Indonesia;;Paste link share Google Maps atau lat,lon setelah verifikasi
PDF_007;Atlantis Water Adventures Ancol;-6.124389;106.839667;https://www.google.com/maps/search/?api=1&query=Atlantis%20Water%20Adventures%20Ancol%2C%20DKI%20Jakarta%2C%20Indonesia;;Paste link share Google Maps atau lat,lon setelah verifikasi
PDF_008;Sea World Ancol;-6.125771;106.842787;https://www.google.com/maps/search/?api=1&query=Sea%20World%20Ancol%2C%20DKI%20Jakarta%2C%20Indonesia;;Paste link share Google Maps atau lat,lon setelah verifikasi
PDF_009;Jetski Cafe;-6.103375;106.790257;https://www.google.com/maps/search/?api=1&query=Jetski%20Cafe%2C%20DKI%20Jakarta%2C%20Indonesia;;Paste link share Google Maps atau lat,lon setelah verifikasi
PDF_010;Angke Kapuk Mangrove Tourism;-6.10525;106.735611;https://www.google.com/maps/search/?api=1&query=Angke%20Kapuk%20Mangrove%20Tourism%2C%20DKI%20Jakarta%2C%20Indonesia;;Paste link share Google Maps atau lat,lon setelah verifikasi
PDF_011;Muara Baru Modern Fish Market;-6.107106;106.779358;https://www.google.com/maps/search/?api=1&query=Muara%20Baru%20Modern%20Fish%20Market%2C%20DKI%20Jakarta%2C%20Indonesia;;Paste link share Google Maps atau lat,lon setelah verifikasi
PDF_012;Urban Farm PIK;-6.112306;106.737847;https://www.google.com/maps/search/?api=1&query=Urban%20Farm%20PIK%2C%20DKI%20Jakarta%2C%20Indonesia;;Paste link share Google Maps atau lat,lon setelah verifikasi
PDF_013;Pantjoran PIK;-6.090332;106.744207;https://www.google.com/maps/search/?api=1&query=Pantjoran%20PIK%2C%20DKI%20Jakarta%2C%20Indonesia;;Paste link share Google Maps atau lat,lon setelah verifikasi
PDF_014;Sedayu Indo Golf;-6.082173;106.75214;https://www.google.com/maps/search/?api=1&query=Sedayu%20Indo%20Golf%2C%20DKI%20Jakarta%2C%20Indonesia;;Paste link share Google Maps atau lat,lon setelah verifikasi
PDF_015;Baywalk Mall;-6.107913;106.779619;https://www.google.com/maps/search/?api=1&query=Baywalk%20Mall%2C%20DKI%20Jakarta%2C%20Indonesia;;Paste link share Google Maps atau lat,lon setelah verifikasi
PDF_016;PIK Shiva Mandir Temple;-6.125288;106.784548;https://www.google.com/maps/search/?api=1&query=PIK%20Shiva%20Mandir%20Temple%2C%20DKI%20Jakarta%2C%20Indonesia;;Paste link share Google Maps atau lat,lon setelah verifikasi
PDF_017;Art: 1 New Museum;-6.146939;106.840204;https://www.google.com/maps/search/?api=1&query=Art%3A%201%20New%20Museum%2C%20DKI%20Jakarta%2C%20Indonesia;;Paste link share Google Maps atau lat,lon setelah verifikasi
PDF_018;Jakarta International Velodrome;-6.19325;106.889903;https://www.google.com/maps/search/?api=1&query=Jakarta%20International%20Velodrome%2C%20DKI%20Jakarta%2C%20Indonesia;;Paste link share Google Maps atau lat,lon setelah verifikasi
PDF_019;Ramlie Musofa Mosque;-6.14608;106.871241;https://www.google.com/maps/search/?api=1&query=Ramlie%20Musofa%20Mosque%2C%20DKI%20Jakarta%2C%20Indonesia;;Paste link share Google Maps atau lat,lon setelah verifikasi
PDF_020;Jakarta International Equestrian Park;-6.179381;106.889451;https://www.google.com/maps/search/?api=1&query=Jakarta%20International%20Equestrian%20Park%2C%20DKI%20Jakarta%2C%20Indonesia;;Paste link share Google Maps atau lat,lon setelah verifikasi
PDF_021;Sunter Lake;-6.138162;106.870886;https://www.google.com/maps/search/?api=1&query=Sunter%20Lake%2C%20DKI%20Jakarta%2C%20Indonesia;;Paste link share Google Maps atau lat,lon setelah verifikasi
PDF_022;Mall of Indonesia;-6.150967;106.892158;https://www.google.com/maps/search/?api=1&query=Mall%20of%20Indonesia%2C%20DKI%20Jakarta%2C%20Indonesia;;Paste link share Google Maps atau lat,lon setelah verifikasi
PDF_023;JIEXPO;-6.147796;106.846041;https://www.google.com/maps/search/?api=1&query=JIEXPO%2C%20DKI%20Jakarta%2C%20Indonesia;;Paste link share Google Maps atau lat,lon setelah verifikasi
PDF_024;Jakarta International Stadium;-6.125306;106.860111;https://www.google.com/maps/search/?api=1&query=Jakarta%20International%20Stadium%2C%20DKI%20Jakarta%2C%20Indonesia;;Paste link share Google Maps atau lat,lon setelah verifikasi
PDF_025;Kemayoran City Forest;-6.157222;106.846389;https://www.google.com/maps/search/?api=1&query=Kemayoran%20City%20Forest%2C%20DKI%20Jakarta%2C%20Indonesia;;Paste link share Google Maps atau lat,lon setelah verifikasi
PDF_026;Royale Jakarta Golf Club;-6.271247;106.894547;https://www.google.com/maps/search/?api=1&query=Royale%20Jakarta%20Golf%20Club%2C%20DKI%20Jakarta%2C%20Indonesia;;Paste link share Google Maps atau lat,lon setelah verifikasi
PDF_027;Pancasila Sakti Monument;-6.288818;106.907574;https://www.google.com/maps/search/?api=1&query=Pancasila%20Sakti%20Monument%2C%20DKI%20Jakarta%2C%20Indonesia;;Paste link share Google Maps atau lat,lon setelah verifikasi
PDF_028;Taman Mini Indonesia Indah;-6.302445;106.895095;https://www.google.com/maps/search/?api=1&query=Taman%20Mini%20Indonesia%20Indah%2C%20DKI%20Jakarta%2C%20Indonesia;;Paste link share Google Maps atau lat,lon setelah verifikasi
PDF_029;Cibubur Scout Camping Ground;-6.340008;106.8909;https://www.google.com/maps/search/?api=1&query=Cibubur%20Scout%20Camping%20Ground%2C%20DKI%20Jakarta%2C%20Indonesia;;Paste link share Google Maps atau lat,lon setelah verifikasi
PDF_030;Cijantung City Forest;-6.321991;106.858571;https://www.google.com/maps/search/?api=1&query=Cijantung%20City%20Forest%2C%20DKI%20Jakarta%2C%20Indonesia;;Paste link share Google Maps atau lat,lon setelah verifikasi
PDF_031;Cijantung Skate Park;-6.30762;106.8644;https://www.google.com/maps/search/?api=1&query=Cijantung%20Skate%20Park%2C%20DKI%20Jakarta%2C%20Indonesia;;Paste link share Google Maps atau lat,lon setelah verifikasi
PDF_032;Kampoeng Maen;-6.3392;106.9038;https://www.google.com/maps/search/?api=1&query=Kampoeng%20Maen%2C%20DKI%20Jakarta%2C%20Indonesia;;Paste link share Google Maps atau lat,lon setelah verifikasi
PDF_033;Istana Susu Cibubur Garden Dairy;-6.344752;106.911741;https://www.google.com/maps/search/?api=1&query=Istana%20Susu%20Cibubur%20Garden%20Dairy%2C%20DKI%20Jakarta%2C%20Indonesia;;Paste link share Google Maps atau lat,lon setelah verifikasi
PDF_034;Cibubur Bee Park;-6.340833;106.905833;https://www.google.com/maps/search/?api=1&query=Cibubur%20Bee%20Park%2C%20DKI%20Jakarta%2C%20Indonesia;;Paste link share Google Maps atau lat,lon setelah verifikasi
PDF_035;Teras Rimbun;-6.369378;106.894242;https://www.google.com/maps/search/?api=1&query=Teras%20Rimbun%2C%20DKI%20Jakarta%2C%20Indonesia;;Paste link share Google Maps atau lat,lon setelah verifikasi
PDF_036;Taman Cattleya Cibubur;-6.3517;106.9178;https://www.google.com/maps/search/?api=1&query=Taman%20Cattleya%20Cibubur%2C%20DKI%20Jakarta%2C%20Indonesia;;Paste link share Google Maps atau lat,lon setelah verifikasi
PDF_037;Taman Benyamin Sueb;-6.153599;106.851326;https://www.google.com/maps/search/?api=1&query=Taman%20Benyamin%20Sueb%2C%20DKI%20Jakarta%2C%20Indonesia;;Paste link share Google Maps atau lat,lon setelah verifikasi
PDF_038;Jatinegara Station;-6.214925;106.870339;https://www.google.com/maps/search/?api=1&query=Jatinegara%20Station%2C%20DKI%20Jakarta%2C%20Indonesia;;Paste link share Google Maps atau lat,lon setelah verifikasi
PDF_039;Jakarta Gems Center;-6.216094;106.869782;https://www.google.com/maps/search/?api=1&query=Jakarta%20Gems%20Center%2C%20DKI%20Jakarta%2C%20Indonesia;;Paste link share Google Maps atau lat,lon setelah verifikasi
PDF_040;Koinonia Church;-6.213892;106.861903;https://www.google.com/maps/search/?api=1&query=Koinonia%20Church%2C%20DKI%20Jakarta%2C%20Indonesia;;Paste link share Google Maps atau lat,lon setelah verifikasi
PDF_041;Prince Jayakarta Tomb;-6.185756;106.829183;https://www.google.com/maps/search/?api=1&query=Prince%20Jayakarta%20Tomb%2C%20DKI%20Jakarta%2C%20Indonesia;;Paste link share Google Maps atau lat,lon setelah verifikasi
PDF_042;Vihara Amurva Bhumi Jatinegara;-6.215093;106.863733;https://www.google.com/maps/search/?api=1&query=Vihara%20Amurva%20Bhumi%20Jatinegara%2C%20DKI%20Jakarta%2C%20Indonesia;;Paste link share Google Maps atau lat,lon setelah verifikasi
PDF_043;Jakarta Cathedral;-6.169253;106.833119;https://www.google.com/maps/search/?api=1&query=Jakarta%20Cathedral%2C%20DKI%20Jakarta%2C%20Indonesia;;Paste link share Google Maps atau lat,lon setelah verifikasi
PDF_044;Sin Tek Bio Temple;-6.137222;106.814444;https://www.google.com/maps/search/?api=1&query=Sin%20Tek%20Bio%20Temple%2C%20DKI%20Jakarta%2C%20Indonesia;;Paste link share Google Maps atau lat,lon setelah verifikasi
PDF_045;Pecenongan Culinary District;-6.1775;106.834722;https://www.google.com/maps/search/?api=1&query=Pecenongan%20Culinary%20District%2C%20DKI%20Jakarta%2C%20Indonesia;;Paste link share Google Maps atau lat,lon setelah verifikasi
PDF_046;Pniel Jakarta GPIB Church;-6.16094;106.834302;https://www.google.com/maps/search/?api=1&query=Pniel%20Jakarta%20GPIB%20Church%2C%20DKI%20Jakarta%2C%20Indonesia;;Paste link share Google Maps atau lat,lon setelah verifikasi
PDF_047;Ragusa Italian Ice Cream;-6.169782;106.829845;https://www.google.com/maps/search/?api=1&query=Ragusa%20Italian%20Ice%20Cream%2C%20DKI%20Jakarta%2C%20Indonesia;;Paste link share Google Maps atau lat,lon setelah verifikasi
PDF_048;Gedung Kesenian Jakarta;-6.16654;106.834417;https://www.google.com/maps/search/?api=1&query=Gedung%20Kesenian%20Jakarta%2C%20DKI%20Jakarta%2C%20Indonesia;;Paste link share Google Maps atau lat,lon setelah verifikasi
PDF_049;Graha Bakti Antara Museum;-6.165734;106.834212;https://www.google.com/maps/search/?api=1&query=Graha%20Bakti%20Antara%20Museum%2C%20DKI%20Jakarta%2C%20Indonesia;;Paste link share Google Maps atau lat,lon setelah verifikasi
PDF_050;Lapangan Banteng Park;-6.170271;106.834825;https://www.google.com/maps/search/?api=1&query=Lapangan%20Banteng%20Park%2C%20DKI%20Jakarta%2C%20Indonesia;;Paste link share Google Maps atau lat,lon setelah verifikasi
PDF_051;Istiqlal Mosque;-6.169803;106.830922;https://www.google.com/maps/search/?api=1&query=Istiqlal%20Mosque%2C%20DKI%20Jakarta%2C%20Indonesia;;Paste link share Google Maps atau lat,lon setelah verifikasi
PDF_052;Taman Ismail Marzuki;-6.189053;106.840019;https://www.google.com/maps/search/?api=1&query=Taman%20Ismail%20Marzuki%2C%20DKI%20Jakarta%2C%20Indonesia;;Paste link share Google Maps atau lat,lon setelah verifikasi
PDF_053;Bakoel Koffie;-6.18791;106.836907;https://www.google.com/maps/search/?api=1&query=Bakoel%20Koffie%2C%20DKI%20Jakarta%2C%20Indonesia;;Paste link share Google Maps atau lat,lon setelah verifikasi
PDF_054;Metropole XXI;-6.200058;106.843746;https://www.google.com/maps/search/?api=1&query=Metropole%20XXI%2C%20DKI%20Jakarta%2C%20Indonesia;;Paste link share Google Maps atau lat,lon setelah verifikasi
PDF_055;Tugu Kunstkring Paleis;-6.188898;106.833497;https://www.google.com/maps/search/?api=1&query=Tugu%20Kunstkring%20Paleis%2C%20DKI%20Jakarta%2C%20Indonesia;;Paste link share Google Maps atau lat,lon setelah verifikasi
PDF_056;Jami Al Makmur Mosque;-6.19113;106.842737;https://www.google.com/maps/search/?api=1&query=Jami%20Al%20Makmur%20Mosque%2C%20DKI%20Jakarta%2C%20Indonesia;;Paste link share Google Maps atau lat,lon setelah verifikasi
PDF_057;Surabaya Street Antique Shops;-6.199974;106.840367;https://www.google.com/maps/search/?api=1&query=Surabaya%20Street%20Antique%20Shops%2C%20DKI%20Jakarta%2C%20Indonesia;;Paste link share Google Maps atau lat,lon setelah verifikasi
PDF_058;Proclamation Park;-6.185972;106.822583;https://www.google.com/maps/search/?api=1&query=Proclamation%20Park%2C%20DKI%20Jakarta%2C%20Indonesia;;Paste link share Google Maps atau lat,lon setelah verifikasi
PDF_059;Proclamation Text Making Museum;-6.200436;106.831084;https://www.google.com/maps/search/?api=1&query=Proclamation%20Text%20Making%20Museum%2C%20DKI%20Jakarta%2C%20Indonesia;;Paste link share Google Maps atau lat,lon setelah verifikasi
PDF_060;Merdeka Palace;-6.17028;106.82417;https://www.google.com/maps/search/?api=1&query=Merdeka%20Palace%2C%20DKI%20Jakarta%2C%20Indonesia;;Paste link share Google Maps atau lat,lon setelah verifikasi
PDF_061;National Monument (Monas);-6.175389;106.827139;https://www.google.com/maps/search/?api=1&query=National%20Monument%20%28Monas%29%2C%20DKI%20Jakarta%2C%20Indonesia;;Paste link share Google Maps atau lat,lon setelah verifikasi
PDF_062;Tanah Abang Market;-6.186184;106.813842;https://www.google.com/maps/search/?api=1&query=Tanah%20Abang%20Market%2C%20DKI%20Jakarta%2C%20Indonesia;;Paste link share Google Maps atau lat,lon setelah verifikasi
PDF_063;Prasasti Park Museum;-6.172371;106.819543;https://www.google.com/maps/search/?api=1&query=Prasasti%20Park%20Museum%2C%20DKI%20Jakarta%2C%20Indonesia;;Paste link share Google Maps atau lat,lon setelah verifikasi
PDF_064;Jakarta City Hall;-6.181405;106.828409;https://www.google.com/maps/search/?api=1&query=Jakarta%20City%20Hall%2C%20DKI%20Jakarta%2C%20Indonesia;;Paste link share Google Maps atau lat,lon setelah verifikasi
PDF_065;National Museum of Indonesia;-6.176158;106.821306;https://www.google.com/maps/search/?api=1&query=National%20Museum%20of%20Indonesia%2C%20DKI%20Jakarta%2C%20Indonesia;;Paste link share Google Maps atau lat,lon setelah verifikasi
PDF_066;National Library of Republic of Indonesia;-6.181761;106.826957;https://www.google.com/maps/search/?api=1&query=National%20Library%20of%20Republic%20of%20Indonesia%2C%20DKI%20Jakarta%2C%20Indonesia;;Paste link share Google Maps atau lat,lon setelah verifikasi
PDF_067;Textile Museum;-6.187937;106.809606;https://www.google.com/maps/search/?api=1&query=Textile%20Museum%2C%20DKI%20Jakarta%2C%20Indonesia;;Paste link share Google Maps atau lat,lon setelah verifikasi
PDF_068;National Gallery of Indonesia;-6.178529;106.833276;https://www.google.com/maps/search/?api=1&query=National%20Gallery%20of%20Indonesia%2C%20DKI%20Jakarta%2C%20Indonesia;;Paste link share Google Maps atau lat,lon setelah verifikasi
PDF_069;Gelora Bung Karno Main Stadium;-6.218612;106.802554;https://www.google.com/maps/search/?api=1&query=Gelora%20Bung%20Karno%20Main%20Stadium%2C%20DKI%20Jakarta%2C%20Indonesia;;Paste link share Google Maps atau lat,lon setelah verifikasi
PDF_070;Senayan National Golf Club;-6.222877;106.796508;https://www.google.com/maps/search/?api=1&query=Senayan%20National%20Golf%20Club%2C%20DKI%20Jakarta%2C%20Indonesia;;Paste link share Google Maps atau lat,lon setelah verifikasi
PDF_071;Gelora Bung Karno City Forest;-6.2223;106.806846;https://www.google.com/maps/search/?api=1&query=Gelora%20Bung%20Karno%20City%20Forest%2C%20DKI%20Jakarta%2C%20Indonesia;;Paste link share Google Maps atau lat,lon setelah verifikasi
PDF_072;Senayan Park;-6.212562;106.803636;https://www.google.com/maps/search/?api=1&query=Senayan%20Park%2C%20DKI%20Jakarta%2C%20Indonesia;;Paste link share Google Maps atau lat,lon setelah verifikasi
PDF_073;Senayan City;-6.22734;106.797246;https://www.google.com/maps/search/?api=1&query=Senayan%20City%2C%20DKI%20Jakarta%2C%20Indonesia;;Paste link share Google Maps atau lat,lon setelah verifikasi
PDF_074;JCC Senayan;-6.214444;106.8075;https://www.google.com/maps/search/?api=1&query=JCC%20Senayan%2C%20DKI%20Jakarta%2C%20Indonesia;;Paste link share Google Maps atau lat,lon setelah verifikasi
PDF_075;Manggala Wanabakti National Forestry Museum;-6.207202;106.798797;https://www.google.com/maps/search/?api=1&query=Manggala%20Wanabakti%20National%20Forestry%20Museum%2C%20DKI%20Jakarta%2C%20Indonesia;;Paste link share Google Maps atau lat,lon setelah verifikasi
PDF_076;Onrust-Cipir-Kelor Islands;-6.033333;106.734722;https://www.google.com/maps/search/?api=1&query=Onrust-Cipir-Kelor%20Islands%2C%20DKI%20Jakarta%2C%20Indonesia;;Paste link share Google Maps atau lat,lon setelah verifikasi
PDF_077;Harapan Island;-5.653107;106.578194;https://www.google.com/maps/search/?api=1&query=Harapan%20Island%2C%20DKI%20Jakarta%2C%20Indonesia;;Paste link share Google Maps atau lat,lon setelah verifikasi
PDF_078;Pramuka Island;-5.745886;106.614065;https://www.google.com/maps/search/?api=1&query=Pramuka%20Island%2C%20DKI%20Jakarta%2C%20Indonesia;;Paste link share Google Maps atau lat,lon setelah verifikasi
PDF_079;Tidung Island;-5.82111;106.55222;https://www.google.com/maps/search/?api=1&query=Tidung%20Island%2C%20DKI%20Jakarta%2C%20Indonesia;;Paste link share Google Maps atau lat,lon setelah verifikasi
PDF_080;Untung Jawa Island;-5.977488;106.706941;https://www.google.com/maps/search/?api=1&query=Untung%20Jawa%20Island%2C%20DKI%20Jakarta%2C%20Indonesia;;Paste link share Google Maps atau lat,lon setelah verifikasi
PDF_081;"""Pelangi, Sepa and Putri Islands""";-5.59283;106.566653;https://www.google.com/maps/search/?api=1&query=%22Pelangi%2C%20Sepa%20and%20Putri%20Islands%22%2C%20DKI%20Jakarta%2C%20Indonesia;;Paste link share Google Maps atau lat,lon setelah verifikasi
PDF_082;Bidadari Island;-6.035949;106.746796;https://www.google.com/maps/search/?api=1&query=Bidadari%20Island%2C%20DKI%20Jakarta%2C%20Indonesia;;Paste link share Google Maps atau lat,lon setelah verifikasi
PDF_083;Macan Island;-5.598869;106.547121;https://www.google.com/maps/search/?api=1&query=Macan%20Island%2C%20DKI%20Jakarta%2C%20Indonesia;;Paste link share Google Maps atau lat,lon setelah verifikasi
PDF_084;Sunda Kelapa Harbor;-6.127439;106.809034;https://www.google.com/maps/search/?api=1&query=Sunda%20Kelapa%20Harbor%2C%20DKI%20Jakarta%2C%20Indonesia;;Paste link share Google Maps atau lat,lon setelah verifikasi
PDF_085;Maritime Museum;-6.127039;106.8083;https://www.google.com/maps/search/?api=1&query=Maritime%20Museum%2C%20DKI%20Jakarta%2C%20Indonesia;;Paste link share Google Maps atau lat,lon setelah verifikasi
PDF_086;Jakarta History Museum;-6.1352;106.813301;https://www.google.com/maps/search/?api=1&query=Jakarta%20History%20Museum%2C%20DKI%20Jakarta%2C%20Indonesia;;Paste link share Google Maps atau lat,lon setelah verifikasi
PDF_087;Kali Besar Area;-6.135342;106.812409;https://www.google.com/maps/search/?api=1&query=Kali%20Besar%20Area%2C%20DKI%20Jakarta%2C%20Indonesia;;Paste link share Google Maps atau lat,lon setelah verifikasi
PDF_088;Fine Arts and Ceramics Museum;-6.134261;106.814477;https://www.google.com/maps/search/?api=1&query=Fine%20Arts%20and%20Ceramics%20Museum%2C%20DKI%20Jakarta%2C%20Indonesia;;Paste link share Google Maps atau lat,lon setelah verifikasi
PDF_089;Wayang Museum;-6.134815;106.812509;https://www.google.com/maps/search/?api=1&query=Wayang%20Museum%2C%20DKI%20Jakarta%2C%20Indonesia;;Paste link share Google Maps atau lat,lon setelah verifikasi
PDF_090;GPIB Sion Jakarta Church;-6.163611;106.819722;https://www.google.com/maps/search/?api=1&query=GPIB%20Sion%20Jakarta%20Church%2C%20DKI%20Jakarta%2C%20Indonesia;;Paste link share Google Maps atau lat,lon setelah verifikasi
PDF_091;Kota Intan Drawbridge;-6.131246;106.810559;https://www.google.com/maps/search/?api=1&query=Kota%20Intan%20Drawbridge%2C%20DKI%20Jakarta%2C%20Indonesia;;Paste link share Google Maps atau lat,lon setelah verifikasi
PDF_092;Jakarta Kota Station;-6.137579;106.814634;https://www.google.com/maps/search/?api=1&query=Jakarta%20Kota%20Station%2C%20DKI%20Jakarta%2C%20Indonesia;;Paste link share Google Maps atau lat,lon setelah verifikasi
PDF_093;Bank Indonesia Museum;-6.134722;106.811111;https://www.google.com/maps/search/?api=1&query=Bank%20Indonesia%20Museum%2C%20DKI%20Jakarta%2C%20Indonesia;;Paste link share Google Maps atau lat,lon setelah verifikasi
PDF_094;Pantjoran Tea House;-6.142281;106.814587;https://www.google.com/maps/search/?api=1&query=Pantjoran%20Tea%20House%2C%20DKI%20Jakarta%2C%20Indonesia;;Paste link share Google Maps atau lat,lon setelah verifikasi
PDF_095;Glodok Chinatown;-6.135983;106.81343;https://www.google.com/maps/search/?api=1&query=Glodok%20Chinatown%2C%20DKI%20Jakarta%2C%20Indonesia;;Paste link share Google Maps atau lat,lon setelah verifikasi
PDF_096;Kopi Es Tak Kie;-6.14118;106.811603;https://www.google.com/maps/search/?api=1&query=Kopi%20Es%20Tak%20Kie%2C%20DKI%20Jakarta%2C%20Indonesia;;Paste link share Google Maps atau lat,lon setelah verifikasi
PDF_097;Candra Naya Mansion;-6.147355;106.815122;https://www.google.com/maps/search/?api=1&query=Candra%20Naya%20Mansion%2C%20DKI%20Jakarta%2C%20Indonesia;;Paste link share Google Maps atau lat,lon setelah verifikasi
PDF_098;National Archive Building;-6.153056;106.814444;https://www.google.com/maps/search/?api=1&query=National%20Archive%20Building%2C%20DKI%20Jakarta%2C%20Indonesia;;Paste link share Google Maps atau lat,lon setelah verifikasi
PDF_099;Vihara Dharma Bakti;-6.14389;106.81278;https://www.google.com/maps/search/?api=1&query=Vihara%20Dharma%20Bakti%2C%20DKI%20Jakarta%2C%20Indonesia;;Paste link share Google Maps atau lat,lon setelah verifikasi
PDF_100;Jami Kebun Jeruk Mosque;-6.15547;106.818727;https://www.google.com/maps/search/?api=1&query=Jami%20Kebun%20Jeruk%20Mosque%2C%20DKI%20Jakarta%2C%20Indonesia;;Paste link share Google Maps atau lat,lon setelah verifikasi
PDF_101;Vihara Dharma Jaya Toa Se Bio;-6.1428;106.8295;https://www.google.com/maps/search/?api=1&query=Vihara%20Dharma%20Jaya%20Toa%20Se%20Bio%2C%20DKI%20Jakarta%2C%20Indonesia;;Paste link share Google Maps atau lat,lon setelah verifikasi
PDF_102;Petak Enam;-6.141271;106.812483;https://www.google.com/maps/search/?api=1&query=Petak%20Enam%2C%20DKI%20Jakarta%2C%20Indonesia;;Paste link share Google Maps atau lat,lon setelah verifikasi
PDF_103;Rawa Belong Flower Market;-6.206185;106.777852;https://www.google.com/maps/search/?api=1&query=Rawa%20Belong%20Flower%20Market%2C%20DKI%20Jakarta%2C%20Indonesia;;Paste link share Google Maps atau lat,lon setelah verifikasi
PDF_104;Srengseng City Forest;-6.21068;106.76439;https://www.google.com/maps/search/?api=1&query=Srengseng%20City%20Forest%2C%20DKI%20Jakarta%2C%20Indonesia;;Paste link share Google Maps atau lat,lon setelah verifikasi
PDF_105;MACAN Museum;-6.190907;106.767875;https://www.google.com/maps/search/?api=1&query=MACAN%20Museum%2C%20DKI%20Jakarta%2C%20Indonesia;;Paste link share Google Maps atau lat,lon setelah verifikasi
PDF_106;Cattleya City Park;-6.18065;106.79424;https://www.google.com/maps/search/?api=1&query=Cattleya%20City%20Park%2C%20DKI%20Jakarta%2C%20Indonesia;;Paste link share Google Maps atau lat,lon setelah verifikasi
PDF_107;Sky Rink Taman Anggrek;-6.17784;106.79231;https://www.google.com/maps/search/?api=1&query=Sky%20Rink%20Taman%20Anggrek%2C%20DKI%20Jakarta%2C%20Indonesia;;Paste link share Google Maps atau lat,lon setelah verifikasi
PDF_108;Jakarta Aquarium & Safari;-6.17502;106.79;https://www.google.com/maps/search/?api=1&query=Jakarta%20Aquarium%20%26%20Safari%2C%20DKI%20Jakarta%2C%20Indonesia;;Paste link share Google Maps atau lat,lon setelah verifikasi
PDF_109;Tribeca Park;-6.17646;106.79155;https://www.google.com/maps/search/?api=1&query=Tribeca%20Park%2C%20DKI%20Jakarta%2C%20Indonesia;;Paste link share Google Maps atau lat,lon setelah verifikasi
PDF_110;Coffee Street Cipete Raya;-6.277798;106.800507;https://www.google.com/maps/search/?api=1&query=Coffee%20Street%20Cipete%20Raya%2C%20DKI%20Jakarta%2C%20Indonesia;;Paste link share Google Maps atau lat,lon setelah verifikasi
PDF_111;Harry Darsono Museum;-6.289216;106.801886;https://www.google.com/maps/search/?api=1&query=Harry%20Darsono%20Museum%2C%20DKI%20Jakarta%2C%20Indonesia;;Paste link share Google Maps atau lat,lon setelah verifikasi
PDF_112;Basoeki Abdullah Museum;-6.28983;106.79336;https://www.google.com/maps/search/?api=1&query=Basoeki%20Abdullah%20Museum%2C%20DKI%20Jakarta%2C%20Indonesia;;Paste link share Google Maps atau lat,lon setelah verifikasi
PDF_113;Pacific Place Mall;-6.224766;106.809855;https://www.google.com/maps/search/?api=1&query=Pacific%20Place%20Mall%2C%20DKI%20Jakarta%2C%20Indonesia;;Paste link share Google Maps atau lat,lon setelah verifikasi
PDF_114;Premium Dining at Senopati;-6.229319;106.802815;https://www.google.com/maps/search/?api=1&query=Premium%20Dining%20at%20Senopati%2C%20DKI%20Jakarta%2C%20Indonesia;;Paste link share Google Maps atau lat,lon setelah verifikasi
PDF_115;Astha District 8;-6.228828;106.807087;https://www.google.com/maps/search/?api=1&query=Astha%20District%208%2C%20DKI%20Jakarta%2C%20Indonesia;;Paste link share Google Maps atau lat,lon setelah verifikasi
PDF_116;Senopati Korea Town;-6.2405;106.8065;https://www.google.com/maps/search/?api=1&query=Senopati%20Korea%20Town%2C%20DKI%20Jakarta%2C%20Indonesia;;Paste link share Google Maps atau lat,lon setelah verifikasi
PDF_117;SCBD Complex;-6.224574;106.809326;https://www.google.com/maps/search/?api=1&query=SCBD%20Complex%2C%20DKI%20Jakarta%2C%20Indonesia;;Paste link share Google Maps atau lat,lon setelah verifikasi
PDF_118;Kidzania;-6.22463;106.80945;https://www.google.com/maps/search/?api=1&query=Kidzania%2C%20DKI%20Jakarta%2C%20Indonesia;;Paste link share Google Maps atau lat,lon setelah verifikasi
PDF_119;Blok S Culinary Area;-6.244266;106.801451;https://www.google.com/maps/search/?api=1&query=Blok%20S%20Culinary%20Area%2C%20DKI%20Jakarta%2C%20Indonesia;;Paste link share Google Maps atau lat,lon setelah verifikasi
PDF_120;M Bloc Space;-6.241038;106.798684;https://www.google.com/maps/search/?api=1&query=M%20Bloc%20Space%2C%20DKI%20Jakarta%2C%20Indonesia;;Paste link share Google Maps atau lat,lon setelah verifikasi
PDF_121;Little Tokyo Blok M;-6.244722;106.799722;https://www.google.com/maps/search/?api=1&query=Little%20Tokyo%20Blok%20M%2C%20DKI%20Jakarta%2C%20Indonesia;;Paste link share Google Maps atau lat,lon setelah verifikasi
PDF_122;Blok M Square;-6.244554;106.800676;https://www.google.com/maps/search/?api=1&query=Blok%20M%20Square%2C%20DKI%20Jakarta%2C%20Indonesia;;Paste link share Google Maps atau lat,lon setelah verifikasi
PDF_123;Polri Museum;-6.239358;106.802694;https://www.google.com/maps/search/?api=1&query=Polri%20Museum%2C%20DKI%20Jakarta%2C%20Indonesia;;Paste link share Google Maps atau lat,lon setelah verifikasi
PDF_124;Al-Azhar Great Mosque;-6.235023;106.799336;https://www.google.com/maps/search/?api=1&query=Al-Azhar%20Great%20Mosque%2C%20DKI%20Jakarta%2C%20Indonesia;;Paste link share Google Maps atau lat,lon setelah verifikasi
PDF_125;Langsat Park;-6.244205;106.792787;https://www.google.com/maps/search/?api=1&query=Langsat%20Park%2C%20DKI%20Jakarta%2C%20Indonesia;;Paste link share Google Maps atau lat,lon setelah verifikasi
PDF_126;Ciputra Artpreneur;-6.224753;106.832156;https://www.google.com/maps/search/?api=1&query=Ciputra%20Artpreneur%2C%20DKI%20Jakarta%2C%20Indonesia;;Paste link share Google Maps atau lat,lon setelah verifikasi
PDF_127;Ereveld Menteng Pulo;-6.222631;106.839288;https://www.google.com/maps/search/?api=1&query=Ereveld%20Menteng%20Pulo%2C%20DKI%20Jakarta%2C%20Indonesia;;Paste link share Google Maps atau lat,lon setelah verifikasi
PDF_128;Satria Mandala Museum;-6.231433;106.818739;https://www.google.com/maps/search/?api=1&query=Satria%20Mandala%20Museum%2C%20DKI%20Jakarta%2C%20Indonesia;;Paste link share Google Maps atau lat,lon setelah verifikasi
PDF_129;Rasuna Said Park;-6.225;106.833333;https://www.google.com/maps/search/?api=1&query=Rasuna%20Said%20Park%2C%20DKI%20Jakarta%2C%20Indonesia;;Paste link share Google Maps atau lat,lon setelah verifikasi
PDF_130;Mega Kuningan Area;-6.23073;106.82568;https://www.google.com/maps/search/?api=1&query=Mega%20Kuningan%20Area%2C%20DKI%20Jakarta%2C%20Indonesia;;Paste link share Google Maps atau lat,lon setelah verifikasi
PDF_131;Kuningan City;-6.2246;106.8296;https://www.google.com/maps/search/?api=1&query=Kuningan%20City%2C%20DKI%20Jakarta%2C%20Indonesia;;Paste link share Google Maps atau lat,lon setelah verifikasi
PDF_132;Vihara Amurva Bhumi;-6.218871;106.817972;https://www.google.com/maps/search/?api=1&query=Vihara%20Amurva%20Bhumi%2C%20DKI%20Jakarta%2C%20Indonesia;;Paste link share Google Maps atau lat,lon setelah verifikasi
PDF_133;Ragunan Zoological Park;-6.311588;106.819918;https://www.google.com/maps/search/?api=1&query=Ragunan%20Zoological%20Park%2C%20DKI%20Jakarta%2C%20Indonesia;;Paste link share Google Maps atau lat,lon setelah verifikasi
PDF_134;Setu Babakan Betawi Cultural Village;-6.341667;106.823889;https://www.google.com/maps/search/?api=1&query=Setu%20Babakan%20Betawi%20Cultural%20Village%2C%20DKI%20Jakarta%2C%20Indonesia;;Paste link share Google Maps atau lat,lon setelah verifikasi
PDF_135;Ragunan Orchard Garden;-6.304479;106.824172;https://www.google.com/maps/search/?api=1&query=Ragunan%20Orchard%20Garden%2C%20DKI%20Jakarta%2C%20Indonesia;;Paste link share Google Maps atau lat,lon setelah verifikasi
PDF_136;Ragunan Agro Edutourism;-6.3035;106.8205;https://www.google.com/maps/search/?api=1&query=Ragunan%20Agro%20Edutourism%2C%20DKI%20Jakarta%2C%20Indonesia;;Paste link share Google Maps atau lat,lon setelah verifikasi
PDF_137;Tabebuya Park;-6.328062;106.810252;https://www.google.com/maps/search/?api=1&query=Tabebuya%20Park%2C%20DKI%20Jakarta%2C%20Indonesia;;Paste link share Google Maps atau lat,lon setelah verifikasi
PDF_138;Babah Alun Desari Mosque;-6.316761;106.824356;https://www.google.com/maps/search/?api=1&query=Babah%20Alun%20Desari%20Mosque%2C%20DKI%20Jakarta%2C%20Indonesia;;Paste link share Google Maps atau lat,lon setelah verifikasi
PDF_139;Spathodea Park;-6.3225;106.823611;https://www.google.com/maps/search/?api=1&query=Spathodea%20Park%2C%20DKI%20Jakarta%2C%20Indonesia;;Paste link share Google Maps atau lat,lon setelah verifikasi
PDF_140;Ragunan Camping Ground;-6.296503;106.820062;https://www.google.com/maps/search/?api=1&query=Ragunan%20Camping%20Ground%2C%20DKI%20Jakarta%2C%20Indonesia;;Paste link share Google Maps atau lat,lon setelah verifikasi
